<?xml version="1.0" encoding="UTF-8"?>
<project-private xmlns="http://www.netbeans.org/ns/project-private/1">
    <editor-bookmarks xmlns="http://www.netbeans.org/ns/editor-bookmarks/2" lastBookmarkId="0"/>
    <open-files xmlns="http://www.netbeans.org/ns/projectui-open-files/2">
        <group>
            <file>file:/C:/Users/alvar/OneDrive/Documentos/CalculatorSolution-main%20(1)/CalculatorSolution-main/src/controller/HistoryController.java</file>
            <file>file:/C:/Users/alvar/OneDrive/Documentos/CalculatorSolution-main%20(1)/CalculatorSolution-main/src/controller/CalculatorController.java</file>
            <file>file:/C:/Users/alvar/OneDrive/Documentos/CalculatorSolution-main%20(1)/CalculatorSolution-main/src/model/History.java</file>
            <file>file:/C:/Users/alvar/OneDrive/Documentos/CalculatorSolution-main%20(1)/CalculatorSolution-main/src/controller/Response.java</file>
            <file>file:/C:/Users/alvar/OneDrive/Documentos/CalculatorSolution-main%20(1)/CalculatorSolution-main/src/model/Operation.java</file>
            <file>file:/C:/Users/alvar/OneDrive/Documentos/CalculatorSolution-main%20(1)/CalculatorSolution-main/src/view/CalculatorViewBridge.java</file>
            <file>file:/C:/Users/alvar/OneDrive/Documentos/CalculatorSolution-main%20(1)/CalculatorSolution-main/src/model/Calculator.java</file>
        </group>
    </open-files>
</project-private>
